/*
Navicat MySQL Data Transfer

Source Server         : itlike
Source Server Version : 80018
Source Host           : localhost:3306
Source Database       : shop_db

Target Server Type    : MYSQL
Target Server Version : 80018
File Encoding         : 65001

Date: 2020-07-28 08:50:49
*/

SET FOREIGN_KEY_CHECKS=0;

-- ----------------------------
-- Table structure for om_order
-- ----------------------------
DROP TABLE IF EXISTS `om_order`;
CREATE TABLE `om_order` (
  `id` bigint(20) NOT NULL AUTO_INCREMENT COMMENT '订单id',
  `memberId` bigint(20) NOT NULL COMMENT '会员id',
  `orderSn` varchar(64) COLLATE utf8_bin DEFAULT NULL COMMENT '订单编号',
  `orderTime` varchar(64) COLLATE utf8_bin DEFAULT NULL COMMENT '下单时间',
  `memberUsername` varchar(64) COLLATE utf8_bin DEFAULT NULL COMMENT '用户帐号',
  `totalAmount` decimal(10,2) DEFAULT NULL COMMENT '订单总金额',
  `payAmount` decimal(10,2) DEFAULT NULL COMMENT '应付金额（实际支付金额）',
  `freightAmount` decimal(10,2) DEFAULT NULL COMMENT '运费金额',
  `promotionAmount` decimal(10,2) DEFAULT NULL COMMENT '促销优化金额（促销价、满减、阶梯价）',
  `payType` int(1) DEFAULT NULL COMMENT '支付方式：0->未支付；1->支付宝；2->微信',
  `sourceType` int(1) DEFAULT NULL COMMENT '订单来源：0->PC订单；1->app订单',
  `status` int(1) DEFAULT NULL COMMENT '订单状态：0->待付款；1->待发货；2->已发货；3->已完成；4->已关闭；5->无效订单',
  `orderType` int(1) DEFAULT NULL COMMENT '订单类型：0->正常订单；1->活动订单',
  `deliveryCompany` varchar(64) COLLATE utf8_bin DEFAULT NULL COMMENT '物流公司(配送方式)',
  `deliverySn` varchar(64) COLLATE utf8_bin DEFAULT NULL COMMENT '物流单号',
  `autoConfirmDay` int(11) DEFAULT NULL COMMENT '自动确认时间（天）',
  `integration` int(11) DEFAULT NULL COMMENT '可以获得的积分',
  `growth` int(11) DEFAULT NULL COMMENT '可以活动的成长值',
  `receiverName` varchar(100) COLLATE utf8_bin NOT NULL COMMENT '收货人姓名',
  `receiverPhone` varchar(32) COLLATE utf8_bin NOT NULL COMMENT '收货人电话',
  `receiverPostCode` varchar(32) COLLATE utf8_bin DEFAULT NULL COMMENT '收货人邮编',
  `receiverProvince` varchar(32) COLLATE utf8_bin DEFAULT NULL COMMENT '省份/直辖市',
  `receiverCity` varchar(32) COLLATE utf8_bin DEFAULT NULL COMMENT '城市',
  `receiverRegion` varchar(32) COLLATE utf8_bin DEFAULT NULL COMMENT '区',
  `receiverDetailAddress` varchar(200) COLLATE utf8_bin DEFAULT NULL COMMENT '详细地址',
  `note` varchar(500) COLLATE utf8_bin DEFAULT NULL COMMENT '订单备注',
  `confirmStatus` int(1) DEFAULT NULL COMMENT '确认收货状态：0->未确认；1->已确认',
  `deleteStatus` int(1) NOT NULL DEFAULT '0' COMMENT '删除状态：0->未删除；1->已删除',
  `paymentTime` varchar(64) COLLATE utf8_bin DEFAULT NULL COMMENT '支付时间',
  `deliveryTime` varchar(64) COLLATE utf8_bin DEFAULT NULL COMMENT '发货时间',
  `receiveTime` varchar(64) COLLATE utf8_bin DEFAULT NULL COMMENT '确认收货时间',
  `commentTime` varchar(64) COLLATE utf8_bin DEFAULT NULL COMMENT '评价时间',
  `modifyTime` varchar(64) COLLATE utf8_bin DEFAULT NULL COMMENT '修改时间',
  PRIMARY KEY (`id`)
) ENGINE=InnoDB AUTO_INCREMENT=8 DEFAULT CHARSET=utf8 COLLATE=utf8_bin;

-- ----------------------------
-- Records of om_order
-- ----------------------------
INSERT INTO `om_order` VALUES ('1', '1', '202200001', '2020-07-16 19:20:30', '五月的风', '2000.00', '1700.00', '8.00', '300.00', '1', '0', '0', '1', '', '', '7', '10', '10', '赵璐璐', '18933277872', '200000', '江苏省', '南京市', '江宁区', '爱顺北路137号', '快点发货哦', '0', '0', '', '', '', '', '');
INSERT INTO `om_order` VALUES ('2', '3', '202200002', '2020-07-16 19:20:30', '六月的雨', '3000.00', '2700.00', '9.00', '300.00', '2', '1', '1', '1', '', '', '7', '10', '10', '王爸爸', '18933277873', '200000', '北京市', '北京市', '丰台区', '路易北路137号', '快点发货哦', '0', '0', '2020-07-17 11:47:20', '', '', '', '');
INSERT INTO `om_order` VALUES ('3', '4', '202200003', '2020-07-17 19:20:30', '七月的云', '1000.00', '700.00', '10.00', '300.00', '0', '0', '2', '1', '申通快递', 'ST002332', '7', '10', '10', '赵欢欢', '18933277874', '200000', '广东省', '深圳市', '前海区', '讯讯北路137号', '我是一只鱼', '0', '0', '2020-07-17 11:47:20', '2020-07-18 11:47:32', '', '', '');
INSERT INTO `om_order` VALUES ('4', '5', '202200004', '2020-07-16 19:20:30', '八月的海', '3000.00', '1700.00', '11.00', '1300.00', '1', '1', '3', '1', '顺丰快递', 'SF002333', '7', '10', '10', '吴雪雪', '18933277875', '200000', '江苏省', '南京市', '江宁区', '爱顺北路137号', '快点发货哦', '0', '0', '2020-07-17 11:47:20', '2020-07-17 11:47:20', '2020-07-17 11:47:20', '', '');
INSERT INTO `om_order` VALUES ('5', '6', '202200005', '2020-07-16 19:20:30', '九月的天', '4000.00', '3700.00', '12.00', '300.00', '1', '1', '4', '1', '顺丰快递', 'SF002333', '7', '10', '10', '赵凡', '18933277875', '200000', '江苏省', '南京市', '江宁区', '爱顺北路138号', '快点发货哦', '0', '0', '', '', '', '', '');
INSERT INTO `om_order` VALUES ('6', '7', '202200006', '2020-07-16 19:20:30', '十月反转', '4000.00', '3700.00', '13.00', '300.00', '1', '1', '5', '1', '圆通快递', 'SF002333', '7', '10', '10', '赵凡', '18933277875', '200000', '江苏省', '南京市', '江宁区', '爱顺北路138号', '快点发货哦', '0', '1', '', '', '', '', '');
INSERT INTO `om_order` VALUES ('7', '8', '202200002', '2020-07-16 19:20:30', '青云直上', '3000.00', '2700.00', '14.00', '300.00', '2', '1', '1', '2', '', '', '7', '10', '10', '李晓华', '18933278888', '400000', '浙江省', '杭州市', '滨江区', '阿里巴巴总部', '速度走起', '0', '0', '2020-07-17 11:47:20', '2020-07-18 11:47:32', '', '', '');

-- ----------------------------
-- Table structure for om_order_operate
-- ----------------------------
DROP TABLE IF EXISTS `om_order_operate`;
CREATE TABLE `om_order_operate` (
  `id` bigint(20) NOT NULL AUTO_INCREMENT,
  `orderId` bigint(20) DEFAULT NULL COMMENT '订单id',
  `operateMan` varchar(100) COLLATE utf8_bin DEFAULT NULL COMMENT '操作人：用户；系统；后台管理员',
  `createTime` varchar(100) COLLATE utf8_bin DEFAULT NULL COMMENT '操作时间',
  `orderStatus` int(1) DEFAULT NULL COMMENT '订单状态：0->待付款；1->待发货；2->已发货；3->已完成；4->已关闭；5->无效订单',
  `note` varchar(500) COLLATE utf8_bin DEFAULT NULL COMMENT '备注',
  PRIMARY KEY (`id`)
) ENGINE=InnoDB AUTO_INCREMENT=20 DEFAULT CHARSET=utf8 COLLATE=utf8_bin;

-- ----------------------------
-- Records of om_order_operate
-- ----------------------------
INSERT INTO `om_order_operate` VALUES ('1', '2', '管理员', '2020-07-19 10:03:10', '2', '管理员进行了发货操作');
INSERT INTO `om_order_operate` VALUES ('2', '2', '管理员', '2020-07-20 08:07:58', '2', '管理员进行了发货操作');
INSERT INTO `om_order_operate` VALUES ('3', '2', '管理员', '2020-07-20 08:10:28', '2', '管理员进行了发货操作');
INSERT INTO `om_order_operate` VALUES ('4', '7', '管理员', '2020-07-20 08:10:28', '2', '管理员进行了发货操作');
INSERT INTO `om_order_operate` VALUES ('5', '1', '管理员', '2020-07-20 09:01:02', '4', '不想卖给这个人了!');
INSERT INTO `om_order_operate` VALUES ('6', '2', '管理员', '2020-07-20 09:02:19', '4', '商城没有货物了!');
INSERT INTO `om_order_operate` VALUES ('7', '3', '管理员', '2020-07-20 09:02:19', '4', '商城没有货物了!');
INSERT INTO `om_order_operate` VALUES ('8', '4', '管理员', '2020-07-20 09:02:19', '4', '商城没有货物了!');
INSERT INTO `om_order_operate` VALUES ('9', '7', '管理员', '2020-07-20 09:02:19', '4', '商城没有货物了!');
INSERT INTO `om_order_operate` VALUES ('10', '2', '管理员', '2020-07-20 09:02:19', '4', '商城没有货物了!');
INSERT INTO `om_order_operate` VALUES ('11', '3', '管理员', '2020-07-20 09:02:19', '4', '商城没有货物了!');
INSERT INTO `om_order_operate` VALUES ('12', '4', '管理员', '2020-07-20 09:02:19', '4', '商城没有货物了!');
INSERT INTO `om_order_operate` VALUES ('13', '7', '管理员', '2020-07-20 09:02:19', '4', '商城没有货物了!');
INSERT INTO `om_order_operate` VALUES ('14', '5', '管理员', '2020-07-20 09:11:10', '5', '管理员进行了删除操作');
INSERT INTO `om_order_operate` VALUES ('15', '1', '管理员', '2020-07-20 09:11:21', '5', '管理员进行了删除操作');
INSERT INTO `om_order_operate` VALUES ('16', '2', '管理员', '2020-07-20 09:11:21', '5', '管理员进行了删除操作');
INSERT INTO `om_order_operate` VALUES ('17', '3', '管理员', '2020-07-20 09:11:21', '5', '管理员进行了删除操作');
INSERT INTO `om_order_operate` VALUES ('18', '4', '管理员', '2020-07-20 09:11:21', '5', '管理员进行了删除操作');
INSERT INTO `om_order_operate` VALUES ('19', '7', '管理员', '2020-07-20 09:11:21', '5', '管理员进行了删除操作');

-- ----------------------------
-- Table structure for om_order_product
-- ----------------------------
DROP TABLE IF EXISTS `om_order_product`;
CREATE TABLE `om_order_product` (
  `id` bigint(20) NOT NULL AUTO_INCREMENT,
  `orderId` bigint(20) DEFAULT NULL COMMENT '订单id',
  `orderSn` varchar(64) COLLATE utf8_bin DEFAULT NULL COMMENT '订单编号',
  `productId` bigint(20) DEFAULT NULL COMMENT '商品id',
  `productPic` varchar(500) COLLATE utf8_bin DEFAULT NULL COMMENT '商品图片',
  `productName` varchar(200) COLLATE utf8_bin DEFAULT NULL COMMENT '商品名称',
  `productSn` varchar(64) COLLATE utf8_bin DEFAULT NULL COMMENT '商品编码',
  `productPrice` decimal(10,2) DEFAULT NULL COMMENT '销售价格',
  `productQuantity` int(11) DEFAULT NULL COMMENT '购买数量',
  `productCategoryId` bigint(20) DEFAULT NULL COMMENT '商品分类id',
  `promotionName` varchar(200) COLLATE utf8_bin DEFAULT NULL COMMENT '商品促销名称',
  `promotionAmount` decimal(10,2) DEFAULT NULL COMMENT '商品促销金额',
  `realAmount` decimal(10,2) DEFAULT NULL COMMENT '该商品经过优惠后的金额',
  `giftIntegration` int(11) NOT NULL DEFAULT '0' COMMENT '商品赠送积分',
  `giftGrowth` int(11) NOT NULL DEFAULT '0' COMMENT '商品赠送成长值',
  PRIMARY KEY (`id`)
) ENGINE=InnoDB AUTO_INCREMENT=2 DEFAULT CHARSET=utf8 COLLATE=utf8_bin;

-- ----------------------------
-- Records of om_order_product
-- ----------------------------
INSERT INTO `om_order_product` VALUES ('1', '1', '202200001', '29', 'http://localhost:5000/uploads/images/product/1594385995777.jpg', '我是一块哒哒哒3232', 'LK0003', '2000.00', '1', '4', '会员特惠', '300.00', '1700.00', '10', '10');

-- ----------------------------
-- Table structure for pm_member_price
-- ----------------------------
DROP TABLE IF EXISTS `pm_member_price`;
CREATE TABLE `pm_member_price` (
  `memberLevelId` int(11) NOT NULL AUTO_INCREMENT,
  `productId` int(11) DEFAULT NULL COMMENT '商品的id',
  `memberLevelName` varchar(255) COLLATE utf8_bin DEFAULT NULL,
  `memberLevelPrice` decimal(10,2) DEFAULT NULL,
  PRIMARY KEY (`memberLevelId`)
) ENGINE=InnoDB AUTO_INCREMENT=34 DEFAULT CHARSET=utf8 COLLATE=utf8_bin;

-- ----------------------------
-- Records of pm_member_price
-- ----------------------------
INSERT INTO `pm_member_price` VALUES ('1', '8', '黄金会员', '48.00');
INSERT INTO `pm_member_price` VALUES ('2', '8', '白金会员', '38.00');
INSERT INTO `pm_member_price` VALUES ('3', '8', '钻石会员', '28.00');
INSERT INTO `pm_member_price` VALUES ('7', '13', '黄金会员', '80.00');
INSERT INTO `pm_member_price` VALUES ('8', '13', '白金会员', '70.00');
INSERT INTO `pm_member_price` VALUES ('9', '13', '钻石会员', '50.00');
INSERT INTO `pm_member_price` VALUES ('13', '24', '黄金会员', '6.00');
INSERT INTO `pm_member_price` VALUES ('14', '24', '白金会员', '5.00');
INSERT INTO `pm_member_price` VALUES ('15', '24', '钻石会员', '4.00');
INSERT INTO `pm_member_price` VALUES ('31', '11', '黄金会员', '68.00');
INSERT INTO `pm_member_price` VALUES ('32', '11', '白金会员', '58.00');
INSERT INTO `pm_member_price` VALUES ('33', '11', '钻石会员', '38.00');

-- ----------------------------
-- Table structure for pm_product
-- ----------------------------
DROP TABLE IF EXISTS `pm_product`;
CREATE TABLE `pm_product` (
  `id` bigint(20) NOT NULL AUTO_INCREMENT,
  `productCategoryId` bigint(20) NOT NULL COMMENT '品牌分类id',
  `productCategoryName` varchar(64) COLLATE utf8_bin NOT NULL COMMENT '品牌分类名称',
  `name` varchar(64) COLLATE utf8_bin NOT NULL COMMENT '商品名称',
  `subTitle` varchar(255) CHARACTER SET utf8 COLLATE utf8_bin NOT NULL COMMENT '副标题',
  `productSn` varchar(64) CHARACTER SET utf8 COLLATE utf8_bin DEFAULT NULL COMMENT '货号',
  `originalPrice` decimal(10,2) DEFAULT NULL COMMENT '市场价',
  `price` decimal(10,2) DEFAULT NULL COMMENT '价格',
  `store` int(11) DEFAULT NULL COMMENT '库存',
  `sort` int(11) DEFAULT NULL COMMENT '排序',
  `giftScore` int(11) DEFAULT '0' COMMENT '赠送的积分',
  `giftGrow` int(11) DEFAULT '0' COMMENT '赠送的成长值',
  `publishStatus` int(1) DEFAULT NULL COMMENT '上架状态：0->下架；1->上架',
  `newsStatus` int(1) DEFAULT NULL COMMENT '新品状态:0->不是新品；1->新品',
  `recommendStatus` int(1) DEFAULT NULL COMMENT '推荐状态；0->不推荐；1->推荐',
  `serviceIds` varchar(64) COLLATE utf8_bin DEFAULT NULL COMMENT '以逗号分割的产品服务：1->无忧退货；2->快速退款；3->免费包邮',
  `netContent` varchar(64) COLLATE utf8_bin DEFAULT NULL COMMENT '净含量',
  `storageCondition` varchar(64) COLLATE utf8_bin DEFAULT NULL COMMENT '保存条件',
  `quality` varchar(64) COLLATE utf8_bin DEFAULT NULL COMMENT '保质期',
  `reductionType` int(1) DEFAULT NULL COMMENT '促销类型：0->没有促销使用原价;1->使用促销价；2->使用会员价；3->首页秒杀',
  `reductionPrice` decimal(10,2) DEFAULT NULL COMMENT '促销价格',
  `reductionStartTime` varchar(255) COLLATE utf8_bin DEFAULT NULL COMMENT '促销开始时间',
  `reductionEndTime` varchar(255) COLLATE utf8_bin DEFAULT NULL COMMENT '促销结束时间',
  `pic` varchar(255) COLLATE utf8_bin DEFAULT NULL COMMENT '图片',
  `albumPics` varchar(255) COLLATE utf8_bin DEFAULT NULL COMMENT '画册图片，连产品图片限制为5张，以逗号分割',
  `detailHtml` text COLLATE utf8_bin COMMENT '产品详情网页内容',
  `sale` int(11) DEFAULT NULL COMMENT '销量',
  PRIMARY KEY (`id`)
) ENGINE=InnoDB AUTO_INCREMENT=26 DEFAULT CHARSET=utf8 COLLATE=utf8_bin;

-- ----------------------------
-- Records of pm_product
-- ----------------------------
INSERT INTO `pm_product` VALUES ('3', '7', '乳品烘焙', '三只松鼠肉松饼456g传统糕点', '早餐营养点心食品面包美食休闲小零食', 'LK000002', '59.00', '39.00', '100000', '2', '10', '10', '1', '0', '0', '1,2,3', '1000g', '常温', '10个月', '1', '29.00', '2020-07-10T16:00:00.000Z', '2020-07-30T16:00:00.000Z', 'http://localhost:5000/uploads/images/product/1594385995777.jpg', 'http://localhost:5000/uploads/images/product/1594386004369.jpg', 0x3C7020636C6173733D22716C2D616C69676E2D63656E746572223E7765646577646577646465773C2F703E, null);
INSERT INTO `pm_product` VALUES ('11', '8', '推荐蔬菜', '喜之郎什锦果汁果冻360g/袋', '休闲零食小吃结婚婚庆网红食品', 'LK00034', '9832.00', '8833.00', '100003', '1', '10', '10', '0', '0', '0', null, '1000g', '常温', '5个月', '2', '0.00', null, null, 'http://localhost:5000/uploads/images/product/1594388022331.jpg', '', 0x3C683320636C6173733D22716C2D616C69676E2D63656E746572223E3C62723E3C2F68333E3C703E3C696D67207372633D2268747470733A2F2F696D672E616C6963646E2E636F6D2F696D6765787472612F69342F3732383336373932322F4F31434E30316A483851347A32384F4B36746A7A5777395F21213732383336373932322D302D73636D6974656D363030302E6A70675F373630783736305139307335302E6A70675F2E77656270223E3C2F703E3C703E3C696D67207372633D2268747470733A2F2F696D672E616C6963646E2E636F6D2F696D6765787472612F69322F3732383336373932322F4F31434E3031694553684F7932384F4B367442314C65455F21213732383336373932322D302D73636D6974656D363030302E6A70675F373630783736305139307335302E6A70675F2E77656270223E3C2F703E3C703E3C696D67207372633D2268747470733A2F2F696D672E616C6963646E2E636F6D2F696D6765787472612F69342F3732383336373932322F4F31434E303146415066444732384F4B36766B663933365F21213732383336373932322D302D73636D6974656D363030302E6A70675F373630783736305139307335302E6A70675F2E77656270223E3C2F703E3C703E3C696D67207372633D2268747470733A2F2F696D672E616C6963646E2E636F6D2F696D6765787472612F69342F3732383336373932322F4F31434E30314A694863536A32384F4B3674417A7342515F21213732383336373932322D302D73636D6974656D363030302E6A70675F373630783736305139307335302E6A70675F2E77656270223E3C2F703E3C703E3C696D67207372633D2268747470733A2F2F696D672E616C6963646E2E636F6D2F696D6765787472612F69322F3732383336373932322F4F31434E303144485466507632384F4B367742503664725F21213732383336373932322D302D73636D6974656D363030302E6A70675F373630783736305139307335302E6A70675F2E77656270223E3C2F703E3C703E3C696D67207372633D2268747470733A2F2F696D672E616C6963646E2E636F6D2F696D6765787472612F69342F3732383336373932322F4F31434E3031787968486B4832384F4B367742516546325F21213732383336373932322D302D73636D6974656D363030302E6A70675F373630783736305139307335302E6A70675F2E77656270223E3C2F703E3C703E3C696D67207372633D2268747470733A2F2F696D672E616C6963646E2E636F6D2F696D6765787472612F69322F3732383336373932322F4F31434E3031526944766F5132384F4B3677424F4152385F21213732383336373932322D302D73636D6974656D363030302E6A70675F3232303078323230305139307335302E6A70675F2E77656270223E3C2F703E3C703E3C696D67207372633D2268747470733A2F2F696D672E616C6963646E2E636F6D2F696D6765787472612F69332F3732383336373932322F4F31434E303176467376346A32384F4B36754A565055615F21213732383336373932322D302D73636D6974656D363030302E6A70675F3232303078323230305139307335302E6A70675F2E77656270223E3C2F703E3C703E3C696D67207372633D2268747470733A2F2F696D672E616C6963646E2E636F6D2F696D6765787472612F69332F3732383336373932322F4F31434E303154637539535932384F4B36754E4C734B625F21213732383336373932322D302D73636D6974656D363030302E6A70675F3232303078323230305139307335302E6A70675F2E77656270223E3C2F703E3C703E3C696D67207372633D2268747470733A2F2F696D672E616C6963646E2E636F6D2F696D6765787472612F69342F3732383336373932322F4F31434E303151635046413532384F4B36746A7A4F63695F21213732383336373932322D302D73636D6974656D363030302E6A70675F3232303078323230305139307335302E6A70675F2E77656270223E3C2F703E3C703E3C696D67207372633D2268747470733A2F2F696D672E616C6963646E2E636F6D2F696D6765787472612F69322F3732383336373932322F4F31434E303166796633387532384F4B367558554975335F21213732383336373932322D302D73636D6974656D363030302E6A70675F3232303078323230305139307335302E6A70675F2E77656270223E3C2F703E3C703E3C696D67207372633D2268747470733A2F2F696D672E616C6963646E2E636F6D2F7466732F5442316B395873517058585858584C5870585858585858585858582D3735302D3336382E706E675F3232303078323230305139307335302E6A70675F2E77656270223E3C2F703E, null);
INSERT INTO `pm_product` VALUES ('12', '7', '乳品烘焙', '盼盼饮料在益起乳酸菌饮品原味', '100ml*20瓶整件早餐奶酸奶牛奶', 'LK434343', '832.00', '818.00', '1323232', '1', '213', '2121', '0', '0', '0', '1,2', '1000kg', '冷藏', '1个月', '3', '0.00', null, null, 'http://localhost:5000/uploads/images/product/1594388193336.jpg', '', 0x3C7020636C6173733D22716C2D616C69676E2D63656E746572223E3C62723E3C2F703E3C703E3C62723E3C2F703E3C703E3C6120687265663D2268747470733A2F2F68352E6D2E74616F62616F2E636F6D2F74616F6C6976652F766964656F2E68746D6C3F7573657249643D32323037353739343738343839222072656C3D226E6F6F70656E6572206E6F726566657272657222207461726765743D225F626C616E6B22207374796C653D22636F6C6F723A2072676228302C20302C2030293B223E3C696D67207372633D2268747470733A2F2F696D672E616C6963646E2E636F6D2F696D6765787472612F69312F323230303632373830333837332F4F31434E3031515A7364444E316554735A48746B4658345F2121323230303632373830333837332D312D73636D6974656D363030302E676966223E3C696D67207372633D2268747470733A2F2F696D672E616C6963646E2E636F6D2F696D6765787472612F69342F323230303632373830333837332F4F31434E3031655461533259316554735979637430684C5F2121323230303632373830333837332D302D73636D6974656D363030302E6A70675F3232303078323230305139307335302E6A70675F2E77656270223E3C2F613E3C2F703E3C703E3C696D67207372633D2268747470733A2F2F696D672E616C6963646E2E636F6D2F696D6765787472612F69332F323230303632373830333837332F4F31434E30314D44377A6539316554735A426F546A61525F2121323230303632373830333837332D302D73636D6974656D363030302E6A70675F3232303078323230305139307335302E6A70675F2E77656270223E3C696D67207372633D2268747470733A2F2F696D672E616C6963646E2E636F6D2F696D6765787472612F69322F323230303632373830333837332F4F31434E3031397A5A68367A316554735A45674F4B77735F2121323230303632373830333837332D302D73636D6974656D363030302E6A70675F3232303078323230305139307335302E6A70675F2E77656270223E3C696D67207372633D2268747470733A2F2F696D672E616C6963646E2E636F6D2F696D6765787472612F69322F323230303632373830333837332F4F31434E303175304D734B57316554735A446E435559565F2121323230303632373830333837332D302D73636D6974656D363030302E6A70675F3232303078323230305139307335302E6A70675F2E77656270223E3C696D67207372633D2268747470733A2F2F696D672E616C6963646E2E636F6D2F696D6765787472612F69312F323230303632373830333837332F4F31434E3031384C66687168316554735A45674C574C395F2121323230303632373830333837332D302D73636D6974656D363030302E6A70675F3232303078323230305139307335302E6A70675F2E77656270223E3C696D67207372633D2268747470733A2F2F696D672E616C6963646E2E636F6D2F696D6765787472612F69312F323230303632373830333837332F4F31434E3031784B68386555316554735A4345375473655F2121323230303632373830333837332D302D73636D6974656D363030302E6A70675F3232303078323230305139307335302E6A70675F2E77656270223E3C696D67207372633D2268747470733A2F2F696D672E616C6963646E2E636F6D2F696D6765787472612F69322F323230303632373830333837332F4F31434E303162426D416550316554735A45674F476E535F2121323230303632373830333837332D302D73636D6974656D363030302E6A70675F3232303078323230305139307335302E6A70675F2E77656270223E3C696D67207372633D2268747470733A2F2F696D672E616C6963646E2E636F6D2F696D6765787472612F69342F323230303632373830333837332F4F31434E303139717A596B51316554735A426F566F55755F2121323230303632373830333837332D302D73636D6974656D363030302E6A70675F3232303078323230305139307335302E6A70675F2E77656270223E3C696D67207372633D2268747470733A2F2F696D672E616C6963646E2E636F6D2F696D6765787472612F69322F323230303632373830333837332F4F31434E30314C7655506B66316554735A47377075654C5F2121323230303632373830333837332D302D73636D6974656D363030302E6A70675F3232303078323230305139307335302E6A70675F2E77656270223E3C696D67207372633D2268747470733A2F2F696D672E616C6963646E2E636F6D2F696D6765787472612F69332F323230303632373830333837332F4F31434E30314755576B3453316554735A45674D5358575F2121323230303632373830333837332D302D73636D6974656D363030302E6A70675F3232303078323230305139307335302E6A70675F2E77656270223E3C696D67207372633D2268747470733A2F2F696D672E616C6963646E2E636F6D2F696D6765787472612F69312F333337373034333932342F4F31434E30314976674C513131657245674756665A4C455F2121333337373034333932342D302D73636D6974656D363030302E6A70675F3232303078323230305139307335302E6A70675F2E77656270223E3C2F703E, null);
INSERT INTO `pm_product` VALUES ('13', '5', '粉丝豆皮', '百草味 板栗仁80g坚果炒货', '零食特产熟制甘栗仁新鲜即食干果栗子', 'LK0344334', '98.00', '88.00', '10000', '1', '10', '10', '0', '0', '0', '1,2', '1000g', '冷藏常温', '10个月', '2', '0.00', null, null, 'http://localhost:5000/uploads/images/product/1594555432564.jpg', '', 0x3C683320636C6173733D22716C2D616C69676E2D63656E746572223E22E9A699E7949CE8BDAFE7B3AF20E887AAE784B6E9A699E7949C223C2F68333E3C703E3C6120687265663D2268747470733A2F2F636F6E74656E742E746D616C6C2E636F6D2F776F772F706567617375732F7375626A6563742F312F3732353637373939342F31303934323632383F736974653D414C4C26616D703B69643D313039343236323826616D703B26616D703B6368616E6E656C3D6368616F73686926616D703B77685F6368616E6E656C3D6368616F7368693426616D703B676363706D3D302E3831352E322E7375626A6563742D6368616F7368692D323030342E373039303734222072656C3D226E6F6F70656E6572206E6F726566657272657222207461726765743D225F626C616E6B22207374796C653D22636F6C6F723A2072676228302C20302C2030293B223E3C696D67207372633D2268747470733A2F2F696D672E616C6963646E2E636F6D2F696D6765787472612F69322F323230303632373732363832342F4F31434E3031316E69554E39323048524D616B6B3966465F2121323230303632373732363832342D312D73636D6974656D363030302E676966223E3C696D67207372633D2268747470733A2F2F696D672E616C6963646E2E636F6D2F696D6765787472612F69312F323230303632373732363832342F4F31434E30317A70487A7433323048524D556F363938655F2121323230303632373732363832342D312D73636D6974656D363030302E676966223E3C2F613E3C6120687265663D2268747470733A2F2F6368616F7368692E64657461696C2E746D616C6C2E636F6D2F6974656D2E68746D3F69643D353539333339343033303739222072656C3D226E6F6F70656E6572206E6F726566657272657222207461726765743D225F626C616E6B22207374796C653D22636F6C6F723A2072676228302C20302C2030293B223E3C696D67207372633D2268747470733A2F2F696D672E616C6963646E2E636F6D2F696D6765787472612F69322F323230303632373732363832342F4F31434E3031706B6454336E323048524D586E6D5A47775F2121323230303632373732363832342D302D73636D6974656D363030302E6A70675F3232303078323230305139307335302E6A70675F2E77656270223E3C2F613E3C6120687265663D2268747470733A2F2F6368616F7368692E64657461696C2E746D616C6C2E636F6D2F6974656D2E68746D3F69643D363030363431323637333337222072656C3D226E6F6F70656E6572206E6F726566657272657222207461726765743D225F626C616E6B22207374796C653D22636F6C6F723A2072676228302C20302C2030293B223E3C696D67207372633D2268747470733A2F2F696D672E616C6963646E2E636F6D2F696D6765787472612F69312F323230303632373732363832342F4F31434E3031335159774B6E323048524D644842626F705F2121323230303632373732363832342D302D73636D6974656D363030302E6A70675F3232303078323230305139307335302E6A70675F2E77656270223E3C2F613E3C6120687265663D2268747470733A2F2F6368616F7368692E64657461696C2E746D616C6C2E636F6D2F6974656D2E68746D3F69643D363230323036343735343731222072656C3D226E6F6F70656E6572206E6F726566657272657222207461726765743D225F626C616E6B22207374796C653D22636F6C6F723A2072676228302C20302C2030293B223E3C696D67207372633D2268747470733A2F2F696D672E616C6963646E2E636F6D2F696D6765787472612F69342F323230303632373732363832342F4F31434E3031633232637737323048524D5743646E6F695F2121323230303632373732363832342D302D73636D6974656D363030302E6A70675F3232303078323230305139307335302E6A70675F2E77656270223E3C2F613E3C6120687265663D2268747470733A2F2F6368616F7368692E64657461696C2E746D616C6C2E636F6D2F6974656D2E68746D3F69643D363136383430393838323434222072656C3D226E6F6F70656E6572206E6F726566657272657222207461726765743D225F626C616E6B22207374796C653D22636F6C6F723A2072676228302C20302C2030293B223E3C696D67207372633D2268747470733A2F2F696D672E616C6963646E2E636F6D2F696D6765787472612F69312F323230303632373732363832342F4F31434E30315650326A6164323048524D6448394F64645F2121323230303632373732363832342D302D73636D6974656D363030302E6A70675F3232303078323230305139307335302E6A70675F2E77656270223E3C2F613E3C6120687265663D2268747470733A2F2F6368616F7368692E64657461696C2E746D616C6C2E636F6D2F6974656D2E68746D3F69643D363231323130363930313233222072656C3D226E6F6F70656E6572206E6F726566657272657222207461726765743D225F626C616E6B22207374796C653D22636F6C6F723A2072676228302C20302C2030293B223E3C696D67207372633D2268747470733A2F2F696D672E616C6963646E2E636F6D2F696D6765787472612F69342F323230303632373732363832342F4F31434E30317072584E7645323048524D616B327A4A325F2121323230303632373732363832342D302D73636D6974656D363030302E6A70675F3232303078323230305139307335302E6A70675F2E77656270223E3C2F613E3C6120687265663D2268747470733A2F2F6368616F7368692E64657461696C2E746D616C6C2E636F6D2F6974656D2E68746D3F69643D353631353237393035313837222072656C3D226E6F6F70656E6572206E6F726566657272657222207461726765743D225F626C616E6B22207374796C653D22636F6C6F723A2072676228302C20302C2030293B223E3C696D67207372633D2268747470733A2F2F696D672E616C6963646E2E636F6D2F696D6765787472612F69332F323230303632373732363832342F4F31434E30316F654D524F6A323048524D616B327A4A345F2121323230303632373732363832342D302D73636D6974656D363030302E6A70675F3232303078323230305139307335302E6A70675F2E77656270223E3C2F613E3C6120687265663D2268747470733A2F2F6368616F7368692E64657461696C2E746D616C6C2E636F6D2F6974656D2E68746D3F69643D363138343734363832373234222072656C3D226E6F6F70656E6572206E6F726566657272657222207461726765743D225F626C616E6B22207374796C653D22636F6C6F723A2072676228302C20302C2030293B223E3C696D67207372633D2268747470733A2F2F696D672E616C6963646E2E636F6D2F696D6765787472612F69342F323230303632373732363832342F4F31434E30315A51626A6A6C323048524D5970634C71735F2121323230303632373732363832342D302D73636D6974656D363030302E6A70675F3232303078323230305139307335302E6A70675F2E77656270223E3C2F613E3C6120687265663D2268747470733A2F2F6368616F7368692E64657461696C2E746D616C6C2E636F6D2F6974656D2E68746D3F69643D353733343834333232303731222072656C3D226E6F6F70656E6572206E6F726566657272657222207461726765743D225F626C616E6B22207374796C653D22636F6C6F723A2072676228302C20302C2030293B223E3C696D67207372633D2268747470733A2F2F696D672E616C6963646E2E636F6D2F696D6765787472612F69312F323230303632373732363832342F4F31434E30316B62444D6E43323048524D5944624674515F2121323230303632373732363832342D302D73636D6974656D363030302E6A70675F3232303078323230305139307335302E6A70675F2E77656270223E3C2F613E3C6120687265663D2268747470733A2F2F6368616F7368692E64657461696C2E746D616C6C2E636F6D2F6974656D2E68746D3F73706D3D61333230342E373933333236332E302E302E37636565316335377655494B486326616D703B69643D36313933373436303837343326616D703B72657763617469643D3530353134303038222072656C3D226E6F6F70656E6572206E6F726566657272657222207461726765743D225F626C616E6B22207374796C653D22636F6C6F723A2072676228302C20302C2030293B223E3C696D67207372633D2268747470733A2F2F696D672E616C6963646E2E636F6D2F696D6765787472612F69332F323230303632373732363832342F4F31434E3031597563634666323048524D6151577373585F2121323230303632373732363832342D302D73636D6974656D363030302E6A70675F3232303078323230305139307335302E6A70675F2E77656270223E3C2F613E3C6120687265663D2268747470733A2F2F6368616F7368692E64657461696C2E746D616C6C2E636F6D2F6974656D2E68746D3F69643D353532373631303730363230222072656C3D226E6F6F70656E6572206E6F726566657272657222207461726765743D225F626C616E6B22207374796C653D22636F6C6F723A2072676228302C20302C2030293B223E3C696D67207372633D2268747470733A2F2F696D672E616C6963646E2E636F6D2F696D6765787472612F69332F323230303632373732363832342F4F31434E3031576F4C506C66323048524D5A73346A52755F2121323230303632373732363832342D302D73636D6974656D363030302E6A70675F3232303078323230305139307335302E6A70675F2E77656270223E3C2F613E3C6120687265663D2268747470733A2F2F6368616F7368692E64657461696C2E746D616C6C2E636F6D2F6974656D2E68746D3F69643D363037353933383537333631222072656C3D226E6F6F70656E6572206E6F726566657272657222207461726765743D225F626C616E6B22207374796C653D22636F6C6F723A2072676228302C20302C2030293B223E3C696D67207372633D2268747470733A2F2F696D672E616C6963646E2E636F6D2F696D6765787472612F69332F323230303632373732363832342F4F31434E30316E62456B3263323048524D556F394154685F2121323230303632373732363832342D302D73636D6974656D363030302E6A70675F3232303078323230305139307335302E6A70675F2E77656270223E3C2F613E3C6120687265663D2268747470733A2F2F6368616F7368692E64657461696C2E746D616C6C2E636F6D2F6974656D2E68746D3F69643D353433363332343736323638222072656C3D226E6F6F70656E6572206E6F726566657272657222207461726765743D225F626C616E6B22207374796C653D22636F6C6F723A2072676228302C20302C2030293B223E3C696D67207372633D2268747470733A2F2F696D672E616C6963646E2E636F6D2F696D6765787472612F69312F323230303632373732363832342F4F31434E30314D614A77384B323048524D616B353448765F2121323230303632373732363832342D302D73636D6974656D363030302E6A70675F3232303078323230305139307335302E6A70675F2E77656270223E3C2F613E3C6120687265663D2268747470733A2F2F6368616F7368692E64657461696C2E746D616C6C2E636F6D2F6974656D2E68746D3F69643D353430323138393330373733222072656C3D226E6F6F70656E6572206E6F726566657272657222207461726765743D225F626C616E6B22207374796C653D22636F6C6F723A2072676228302C20302C2030293B223E3C696D67207372633D2268747470733A2F2F696D672E616C6963646E2E636F6D2F696D6765787472612F69332F323230303632373732363832342F4F31434E3031726933674E6C323048524D5970637034335F2121323230303632373732363832342D302D73636D6974656D363030302E6A70675F3232303078323230305139307335302E6A70675F2E77656270223E3C2F613E3C6120687265663D2268747470733A2F2F6368616F7368692E64657461696C2E746D616C6C2E636F6D2F6974656D2E68746D3F69643D353731313639363139333936222072656C3D226E6F6F70656E6572206E6F726566657272657222207461726765743D225F626C616E6B22207374796C653D22636F6C6F723A2072676228302C20302C2030293B223E3C696D67207372633D2268747470733A2F2F696D672E616C6963646E2E636F6D2F696D6765787472612F69322F323230303632373732363832342F4F31434E3031346B66325A54323048524D513465536B595F2121323230303632373732363832342D302D73636D6974656D363030302E6A70675F3232303078323230305139307335302E6A70675F2E77656270223E3C2F613E3C6120687265663D2268747470733A2F2F6368616F7368692E64657461696C2E746D616C6C2E636F6D2F6974656D2E68746D3F69643D353235333036353037333331222072656C3D226E6F6F70656E6572206E6F726566657272657222207461726765743D225F626C616E6B22207374796C653D22636F6C6F723A2072676228302C20302C2030293B223E3C696D67207372633D2268747470733A2F2F696D672E616C6963646E2E636F6D2F696D6765787472612F69322F323230303632373732363832342F4F31434E3031626D3237444E323048524D586E6E6D4B635F2121323230303632373732363832342D302D73636D6974656D363030302E6A70675F3232303078323230305139307335302E6A70675F2E77656270223E3C2F613E3C6120687265663D2268747470733A2F2F6368616F7368692E64657461696C2E746D616C6C2E636F6D2F6974656D2E68746D3F69643D353235393239343437363137222072656C3D226E6F6F70656E6572206E6F726566657272657222207461726765743D225F626C616E6B22207374796C653D22636F6C6F723A2072676228302C20302C2030293B223E3C696D67207372633D2268747470733A2F2F696D672E616C6963646E2E636F6D2F696D6765787472612F69322F323230303632373732363832342F4F31434E3031615259704D69323048524D63776E6237735F2121323230303632373732363832342D302D73636D6974656D363030302E6A70675F3232303078323230305139307335302E6A70675F2E77656270223E3C2F613E3C6120687265663D2268747470733A2F2F6368616F7368692E64657461696C2E746D616C6C2E636F6D2F6974656D2E68746D3F69643D353630333637373736323735222072656C3D226E6F6F70656E6572206E6F726566657272657222207461726765743D225F626C616E6B22207374796C653D22636F6C6F723A2072676228302C20302C2030293B223E3C696D67207372633D2268747470733A2F2F696D672E616C6963646E2E636F6D2F696D6765787472612F69312F323230303632373732363832342F4F31434E3031684C454F437A323048524D616B383564505F2121323230303632373732363832342D302D73636D6974656D363030302E6A70675F3232303078323230305139307335302E6A70675F2E77656270223E3C2F613E3C6120687265663D2268747470733A2F2F6368616F7368692E64657461696C2E746D616C6C2E636F6D2F6974656D2E68746D3F69643D353937373936383535393235222072656C3D226E6F6F70656E6572206E6F726566657272657222207461726765743D225F626C616E6B22207374796C653D22636F6C6F723A2072676228302C20302C2030293B223E3C696D67207372633D2268747470733A2F2F696D672E616C6963646E2E636F6D2F696D6765787472612F69322F323230303632373732363832342F4F31434E3031454E36506631323048524D594466394B355F2121323230303632373732363832342D302D73636D6974656D363030302E6A70675F3232303078323230305139307335302E6A70675F2E77656270223E3C2F613E3C6120687265663D2268747470733A2F2F6368616F7368692E64657461696C2E746D616C6C2E636F6D2F6974656D2E68746D3F69643D353939333437323337303136222072656C3D226E6F6F70656E6572206E6F726566657272657222207461726765743D225F626C616E6B22207374796C653D22636F6C6F723A2072676228302C20302C2030293B223E3C696D67207372633D2268747470733A2F2F696D672E616C6963646E2E636F6D2F696D6765787472612F69312F323230303632373732363832342F4F31434E30317753304C3834323048524D637750516D5A5F2121323230303632373732363832342D302D73636D6974656D363030302E6A70675F3232303078323230305139307335302E6A70675F2E77656270223E3C2F613E3C6120687265663D2268747470733A2F2F636F6E74656E742E746D616C6C2E636F6D2F776F772F706567617375732F7375626A6563742F312F3732353637373939342F31313033313435363F736974653D414C4C26616D703B69643D313130333134353626616D703B26616D703B6368616E6E656C3D6368616F73686926616D703B77685F6368616E6E656C3D6368616F7368693426616D703B676363706D3D302E3831352E322E7375626A6563742D6368616F7368692D323030342E373039303734222072656C3D226E6F6F70656E6572206E6F726566657272657222207461726765743D225F626C616E6B22207374796C653D22636F6C6F723A2072676228302C20302C2030293B223E3C696D67207372633D2268747470733A2F2F696D672E616C6963646E2E636F6D2F696D6765787472612F69322F323230303632373732363832342F4F31434E303170764A4C3032323048524D5A73704266685F2121323230303632373732363832342D312D73636D6974656D363030302E676966223E3C2F613E3C6120687265663D2268747470733A2F2F6C6973742E746D616C6C2E636F6D2F2F7365617263685F70726F647563742E68746D3F713D2542302544392542322544442543452542362B25433025463125424125443026616D703B757365725F69643D37323536373739393426616D703B747970653D7026616D703B6361743D353035313430303826616D703B73706D3D61333230342E373933333236332E61323232376F682E6431303026616D703B66726F6D3D6368616F7368692E2E70635F315F736561726368627574746F6E222072656C3D226E6F6F70656E6572206E6F726566657272657222207461726765743D225F626C616E6B22207374796C653D22636F6C6F723A2072676228302C20302C2030293B223E3C696D67207372633D2268747470733A2F2F696D672E616C6963646E2E636F6D2F696D6765787472612F69332F323230303632373732363832342F4F31434E303138456D656663323048524D566D4B4D6D705F2121323230303632373732363832342D312D73636D6974656D363030302E676966223E3C2F613E3C6120687265663D2268747470733A2F2F6C6973742E746D616C6C2E636F6D2F2F7365617263685F70726F647563742E68746D3F713D25423025443925423225444425434525423625433825453226616D703B757365725F69643D37323536373739393426616D703B747970653D7026616D703B6361743D353035313430303826616D703B73706D3D61333230342E373933333236332E61323232376F682E6431303026616D703B66726F6D3D6368616F7368692E2E70635F315F736561726368627574746F6E222072656C3D226E6F6F70656E6572206E6F726566657272657222207461726765743D225F626C616E6B22207374796C653D22636F6C6F723A2072676228302C20302C2030293B223E3C696D67207372633D2268747470733A2F2F696D672E616C6963646E2E636F6D2F696D6765787472612F69332F323230303632373732363832342F4F31434E3031653969474263323048524D5944645862575F2121323230303632373732363832342D312D73636D6974656D363030302E676966223E3C2F613E3C6120687265663D2268747470733A2F2F6C6973742E746D616C6C2E636F6D2F2F7365617263685F70726F647563742E68746D3F713D2542302544392542322544442543452542362B25424325453125423925464226616D703B757365725F69643D37323536373739393426616D703B747970653D7026616D703B6361743D353035313430303826616D703B73706D3D61333230342E373933333236332E61323232376F682E6431303026616D703B66726F6D3D6368616F7368692E2E70635F315F736561726368627574746F6E222072656C3D226E6F6F70656E6572206E6F726566657272657222207461726765743D225F626C616E6B22207374796C653D22636F6C6F723A2072676228302C20302C2030293B223E3C696D67207372633D2268747470733A2F2F696D672E616C6963646E2E636F6D2F696D6765787472612F69332F323230303632373732363832342F4F31434E3031436449384775323048524D6343427666385F2121323230303632373732363832342D312D73636D6974656D363030302E676966223E3C2F613E3C6120687265663D2268747470733A2F2F6C6973742E746D616C6C2E636F6D2F2F7365617263685F70726F647563742E68746D3F713D25423025443925423225444425434525423625423925464225423825433926616D703B757365725F69643D37323536373739393426616D703B747970653D7026616D703B6361743D353035313430303826616D703B73706D3D61333230342E373933333236332E61323232376F682E6431303026616D703B66726F6D3D6368616F7368692E2E70635F315F736561726368627574746F6E222072656C3D226E6F6F70656E6572206E6F726566657272657222207461726765743D225F626C616E6B22207374796C653D22636F6C6F723A2072676228302C20302C2030293B223E3C696D67207372633D2268747470733A2F2F696D672E616C6963646E2E636F6D2F696D6765787472612F69322F323230303632373732363832342F4F31434E30317734334B5A31323048524D62584E5571635F2121323230303632373732363832342D312D73636D6974656D363030302E676966223E3C2F613E3C6120687265663D2268747470733A2F2F6C6973742E746D616C6C2E636F6D2F2F7365617263685F70726F647563742E68746D3F713D25423025443925423225444425434525423625423825453225423525453326616D703B757365725F69643D37323536373739393426616D703B747970653D7026616D703B6361743D353035313430303826616D703B73706D3D61333230342E373933333236332E61323232376F682E6431303026616D703B66726F6D3D6368616F7368692E2E70635F315F736561726368627574746F6E222072656C3D226E6F6F70656E6572206E6F726566657272657222207461726765743D225F626C616E6B22207374796C653D22636F6C6F723A2072676228302C20302C2030293B223E3C696D67207372633D2268747470733A2F2F696D672E616C6963646E2E636F6D2F696D6765787472612F69342F323230303632373732363832342F4F31434E303177756F726947323048524D566D4A5975645F2121323230303632373732363832342D312D73636D6974656D363030302E676966223E3C2F613E3C2F703E3C703E3C696D67207372633D2268747470733A2F2F696D672E616C6963646E2E636F6D2F696D6765787472612F69312F323230303632373732363832342F4F31434E30317957644646503230485246726354476D445F2121323230303632373732363832342D302D73636D6974656D363030302E6A70675F3232303078323230305139307335302E6A70675F2E77656270223E3C696D67207372633D2268747470733A2F2F696D672E616C6963646E2E636F6D2F696D6765787472612F69322F323230303632373732363832342F4F31434E303143314E68593332304852467571635976345F2121323230303632373732363832342D302D73636D6974656D363030302E6A70675F3232303078323230305139307335302E6A70675F2E77656270223E3C696D67207372633D2268747470733A2F2F696D672E616C6963646E2E636F6D2F696D6765787472612F69312F323230303632373732363832342F4F31434E3031717242764675323048524672635458514E5F2121323230303632373732363832342D302D73636D6974656D363030302E6A70675F3232303078323230305139307335302E6A70675F2E77656270223E3C696D67207372633D2268747470733A2F2F696D672E616C6963646E2E636F6D2F696D6765787472612F69322F323230303632373732363832342F4F31434E30317A524B6758523230485246736B46634F375F2121323230303632373732363832342D302D73636D6974656D363030302E6A70675F3232303078323230305139307335302E6A70675F2E77656270223E3C696D67207372633D2268747470733A2F2F696D672E616C6963646E2E636F6D2F696D6765787472612F69322F323230303632373732363832342F4F31434E303169734F744679323048524677576E7562545F2121323230303632373732363832342D302D73636D6974656D363030302E6A70675F3232303078323230305139307335302E6A70675F2E77656270223E3C696D67207372633D2268747470733A2F2F696D672E616C6963646E2E636F6D2F696D6765787472612F69322F323230303632373732363832342F4F31434E3031726B556A453532304852467679445A314B5F2121323230303632373732363832342D302D73636D6974656D363030302E6A70675F3232303078323230305139307335302E6A70675F2E77656270223E3C2F703E3C703E3C696D67207372633D2268747470733A2F2F696D672E616C6963646E2E636F6D2F696D6765787472612F69312F323230303632373732363832342F4F31434E30316370535A43503230485246736B493235395F2121323230303632373732363832342D302D73636D6974656D363030302E6A70675F3232303078323230305139307335302E6A70675F2E77656270223E3C2F703E3C703E3C696D67207372633D2268747470733A2F2F696D672E616C6963646E2E636F6D2F7466732F5442316545545073564F5742754E6A7930466958585846785658612D313132352D3932342E706E67223E3C2F703E, null);
INSERT INTO `pm_product` VALUES ('24', '3', '新鲜水果', '粮全其美葱香味手抓饼 900g/袋', '粮全其美葱香味手抓饼 900g/袋粮全其美葱香味手抓饼 900g/袋', 'LK04332', '7.00', '6.00', '10000', '1', '1', '2', '1', '1', '1', '2,1', '500g', '常温', '10个月', '2', '0.00', null, null, 'http://localhost:5000/uploads/images/product/1594730677639.jpg', '', 0x3C703E4A75737420612074657374213C2F703E, null);
INSERT INTO `pm_product` VALUES ('25', '5', '粉丝豆皮', '2121但是得翁', '得我的无', '', null, null, null, null, null, null, '1', '1', '1', '', '', '', '', '0', '0.00', null, null, '', '', '', null);

-- ----------------------------
-- Table structure for pm_product_category
-- ----------------------------
DROP TABLE IF EXISTS `pm_product_category`;
CREATE TABLE `pm_product_category` (
  `id` bigint(20) NOT NULL AUTO_INCREMENT,
  `parent_id` bigint(20) DEFAULT NULL COMMENT '上级分类的编号：0表示一级分类',
  `name` varchar(64) CHARACTER SET utf8 COLLATE utf8_bin NOT NULL COMMENT '名称',
  `product_count` int(11) DEFAULT NULL COMMENT '商品数量',
  `product_unit` varchar(64) CHARACTER SET utf8 COLLATE utf8_bin DEFAULT NULL COMMENT '商品单位',
  `nav_status` int(1) DEFAULT NULL COMMENT '是否显示在移动端：0->不显示；1->显示',
  `show_status` int(1) DEFAULT NULL COMMENT '显示状态：0->不显示；1->显示',
  `sort` int(11) DEFAULT NULL COMMENT '排序',
  `icon` varchar(255) CHARACTER SET utf8 COLLATE utf8_bin DEFAULT NULL COMMENT '图标',
  `keywords` varchar(255) CHARACTER SET utf8 COLLATE utf8_bin DEFAULT NULL COMMENT '关键字',
  `description` text CHARACTER SET utf8 COLLATE utf8_bin COMMENT '描述',
  PRIMARY KEY (`id`)
) ENGINE=InnoDB AUTO_INCREMENT=11 DEFAULT CHARSET=utf8 COLLATE=utf8_bin;

-- ----------------------------
-- Records of pm_product_category
-- ----------------------------
INSERT INTO `pm_product_category` VALUES ('1', '0', '新鲜蔬菜', null, '千克', '1', '1', '1', '/uploads/images/category/1594215507638.jpg', '新鲜蔬菜', 0xE696B0E9B29CE894ACE88F9C);
INSERT INTO `pm_product_category` VALUES ('2', '0', '豆制品', null, '斤', '1', '1', '1', null, null, null);
INSERT INTO `pm_product_category` VALUES ('3', '0', '新鲜水果', null, '斤', '1', '1', '1', '/uploads/images/category/1593956871678.png', '新鲜水果', 0xE696B0E9B29CE6B0B4E69E9C);
INSERT INTO `pm_product_category` VALUES ('4', '0', '肉禽蛋', null, '斤', '1', '1', '1', '', '肉禽蛋', 0xE88289E7A6BDE89B8B);
INSERT INTO `pm_product_category` VALUES ('5', '2', '粉丝豆皮', null, '斤', '1', '1', '1', '', '粉丝豆皮', 0xE7B289E4B89DE8B186E79AAE);
INSERT INTO `pm_product_category` VALUES ('6', '0', '海鲜水产', null, '斤', '1', '1', '1', '/uploads/images/category/1594208079208.jpg', '海鲜水产', 0xE6B5B7E9B29CE6B0B4E4BAA7);
INSERT INTO `pm_product_category` VALUES ('7', '0', '乳品烘焙', null, '份', '1', '1', '1', '', '乳品烘焙', 0xE4B9B3E59381E78398E78499);
INSERT INTO `pm_product_category` VALUES ('8', '1', '推荐蔬菜', null, '斤', '1', '1', '1', '', '', '');
INSERT INTO `pm_product_category` VALUES ('10', '1', '平价好菜', null, '斤', '1', '1', '1', '', '', '');

-- ----------------------------
-- Table structure for pm_product_skill
-- ----------------------------
DROP TABLE IF EXISTS `pm_product_skill`;
CREATE TABLE `pm_product_skill` (
  `id` int(11) NOT NULL AUTO_INCREMENT,
  `productId` int(11) DEFAULT NULL,
  `count` int(11) DEFAULT NULL,
  `discount` decimal(10,2) DEFAULT NULL,
  PRIMARY KEY (`id`)
) ENGINE=InnoDB AUTO_INCREMENT=3 DEFAULT CHARSET=utf8 COLLATE=utf8_bin;

-- ----------------------------
-- Records of pm_product_skill
-- ----------------------------
INSERT INTO `pm_product_skill` VALUES ('1', '10', '10000', '2.00');
INSERT INTO `pm_product_skill` VALUES ('2', '12', '10000', '7.00');

-- ----------------------------
-- Table structure for sessions
-- ----------------------------
DROP TABLE IF EXISTS `sessions`;
CREATE TABLE `sessions` (
  `session_id` varchar(128) CHARACTER SET utf8mb4 COLLATE utf8mb4_bin NOT NULL,
  `expires` int(11) unsigned NOT NULL,
  `data` mediumtext CHARACTER SET utf8mb4 COLLATE utf8mb4_bin,
  PRIMARY KEY (`session_id`)
) ENGINE=InnoDB DEFAULT CHARSET=utf8 COLLATE=utf8_bin;

-- ----------------------------
-- Records of sessions
-- ----------------------------
INSERT INTO `sessions` VALUES ('7s096h99hiWb2s_BLKcp1QXk7nDZOlbB', '1595769794', 0x7B22636F6F6B6965223A7B226F726967696E616C4D6178416765223A38363430303030302C2265787069726573223A22323032302D30372D32365431333A32333A31332E3835315A222C22687474704F6E6C79223A747275652C2270617468223A222F227D2C226D616E616765725F746F6B656E223A2265794A68624763694F694A49557A49314E694973496E523563434936496B705856434A392E65794A705A4349364D53776964584E6C636D3568625755694F694A685A47317062694973496E426863334E3362334A6B496A6F694E4745334E574D304D5445785A6A566B5A6D45774E6A4669595463335A4451304D574D35597A646C596A55694C434A70595851694F6A45314F5455324F4445324D7A64392E683848616B3665526973764431703830534F4977706F4C6278654B74396E6D3468415730524B7830563534227D);
INSERT INTO `sessions` VALUES ('kSsV7GPjD7TdP6bZxWumEEKtSptNSkBR', '1595685984', 0x7B22636F6F6B6965223A7B226F726967696E616C4D6178416765223A38363339393939392C2265787069726573223A22323032302D30372D32355431343A30363A32342E3234375A222C22687474704F6E6C79223A747275652C2270617468223A222F227D2C226D616E616765725F746F6B656E223A2265794A68624763694F694A49557A49314E694973496E523563434936496B705856434A392E65794A705A4349364D69776964584E6C636D3568625755694F694A685A47317062694973496E426863334E3362334A6B496A6F694E4745334E574D304D5445785A6A566B5A6D45774E6A4669595463335A4451304D574D35597A646C596A55694C434A70595851694F6A45314F5455314F4467334D5452392E776762694A2D305F486779554E72634F7546326963436C326563634477576E5F7432426730495741363973227D);

-- ----------------------------
-- Table structure for um_admin
-- ----------------------------
DROP TABLE IF EXISTS `um_admin`;
CREATE TABLE `um_admin` (
  `id` int(11) NOT NULL AUTO_INCREMENT,
  `username` varchar(64) CHARACTER SET utf8 COLLATE utf8_bin NOT NULL,
  `password` varchar(64) CHARACTER SET utf8 COLLATE utf8_bin NOT NULL,
  `icon` varchar(255) CHARACTER SET utf8 COLLATE utf8_bin DEFAULT NULL,
  `email` varchar(255) CHARACTER SET utf8 COLLATE utf8_bin DEFAULT NULL,
  `nickname` varchar(255) CHARACTER SET utf8 COLLATE utf8_bin DEFAULT NULL,
  `roleid` varchar(64) COLLATE utf8_bin DEFAULT NULL,
  `createtime` varchar(255) CHARACTER SET utf8 COLLATE utf8_bin NOT NULL,
  `logintime` varchar(255) CHARACTER SET utf8 COLLATE utf8_bin DEFAULT NULL,
  `status` tinyint(2) DEFAULT '1' COMMENT '1：表示启用 0:表示禁用',
  `note` varchar(255) COLLATE utf8_bin DEFAULT NULL COMMENT '备注',
  PRIMARY KEY (`id`)
) ENGINE=InnoDB AUTO_INCREMENT=6 DEFAULT CHARSET=utf8 COLLATE=utf8_bin;

-- ----------------------------
-- Records of um_admin
-- ----------------------------
INSERT INTO `um_admin` VALUES ('1', 'admin', '4a75c4111f5dfa061ba77d441c9c7eb5', null, null, '主管理员', '1,2', '2020-06-29 09:57:5656', null, '1', null);
INSERT INTO `um_admin` VALUES ('3', 'zhangsan', '3d7da21711a6e9792efed2303bbf60a3', null, 'zs001@itlike.com', '张三', '2,6', '2020-07-24 09:17:07', null, '1', '张三的管理账号');
INSERT INTO `um_admin` VALUES ('5', 'lisi', '3d7da21711a6e9792efed2303bbf60a3', null, 'lisi@itlike.com', '李四', '7', '2020-07-25 07:35:42', null, '1', '李四的账号');

-- ----------------------------
-- Table structure for um_admin_role
-- ----------------------------
DROP TABLE IF EXISTS `um_admin_role`;
CREATE TABLE `um_admin_role` (
  `id` int(12) NOT NULL AUTO_INCREMENT,
  `name` varchar(64) CHARACTER SET utf8 COLLATE utf8_bin NOT NULL COMMENT '角色名称',
  `description` varchar(255) CHARACTER SET utf8 COLLATE utf8_bin DEFAULT NULL COMMENT '角色描述',
  `createTime` varchar(64) CHARACTER SET utf8 COLLATE utf8_bin DEFAULT NULL COMMENT '角色创建的时间',
  `status` int(1) NOT NULL DEFAULT '1' COMMENT '角色是否启用: 0->不启用, 1->启用',
  `menus` varchar(255) CHARACTER SET utf8 COLLATE utf8_bin DEFAULT NULL COMMENT '该角色拥有的菜单选项',
  PRIMARY KEY (`id`)
) ENGINE=InnoDB AUTO_INCREMENT=9 DEFAULT CHARSET=utf8 COLLATE=utf8_bin;

-- ----------------------------
-- Records of um_admin_role
-- ----------------------------
INSERT INTO `um_admin_role` VALUES ('1', '主管理员', '拥有后台管理系统所有权限', null, '1', '1,2,3,4,5,6,7,8,9,10,11,12');
INSERT INTO `um_admin_role` VALUES ('2', '商品管理员', '负责商品版块的管理', '2020-07-23 07:53:49', '1', '1,2,5,6,7');
INSERT INTO `um_admin_role` VALUES ('6', '订单管理员', '负责订单版块的管理', '2020-07-23 07:57:59', '1', '1,3,8,9');
INSERT INTO `um_admin_role` VALUES ('7', '权限管理员', '负责权限版块的管理', '2020-07-23 08:07:33', '1', '1,4,10,11,12');

-- ----------------------------
-- Table structure for um_menu
-- ----------------------------
DROP TABLE IF EXISTS `um_menu`;
CREATE TABLE `um_menu` (
  `id` int(11) NOT NULL AUTO_INCREMENT,
  `title` varchar(255) CHARACTER SET utf8 COLLATE utf8_bin NOT NULL,
  `icon` varchar(255) CHARACTER SET utf8 COLLATE utf8_bin NOT NULL,
  `key` varchar(255) CHARACTER SET utf8 COLLATE utf8_bin NOT NULL,
  `parentId` int(10) NOT NULL DEFAULT '0',
  PRIMARY KEY (`id`)
) ENGINE=InnoDB AUTO_INCREMENT=13 DEFAULT CHARSET=utf8 COLLATE=utf8_bin;

-- ----------------------------
-- Records of um_menu
-- ----------------------------
INSERT INTO `um_menu` VALUES ('1', '首页', 'icon iconfont icon-shouye', '/home', '0');
INSERT INTO `um_menu` VALUES ('2', '商品', 'icon iconfont icon-shangpin', '/pm', '0');
INSERT INTO `um_menu` VALUES ('3', '订单', 'icon iconfont icon-dingdan-', '/om', '0');
INSERT INTO `um_menu` VALUES ('4', '权限', 'icon iconfont icon-ic_opt_feature', '/um', '0');
INSERT INTO `um_menu` VALUES ('5', '商品列表', 'icon iconfont icon-shangpinliebiao', '/pm/product', '2');
INSERT INTO `um_menu` VALUES ('6', '添加商品', 'icon iconfont icon-tianjiashangpin', '/pm/addProduct', '2');
INSERT INTO `um_menu` VALUES ('7', '商品分类', 'icon iconfont icon-shangpinfenlei', '/pm/productCategory', '2');
INSERT INTO `um_menu` VALUES ('8', '订单列表', 'icon iconfont icon-dingdanliebiao', '/om/order', '3');
INSERT INTO `um_menu` VALUES ('9', '订单设置', 'icon iconfont icon-shezhi', '/om/setting', '3');
INSERT INTO `um_menu` VALUES ('10', '用户列表', 'icon iconfont icon-yonghuliebiao', '/um/admin', '4');
INSERT INTO `um_menu` VALUES ('11', '角色列表', 'icon iconfont icon-jiaoseliebiao', '/um/role', '4');
INSERT INTO `um_menu` VALUES ('12', '菜单列表', 'icon iconfont icon-caidanliebiao', '/um/menu', '4');
